INSERT INTO DOM_COUNTRY (COUNTRY_ID, NAME, ACRONYM, CODE) VALUES(1, 'Brasil', 'BRS', 'BR01');
INSERT INTO DOM_STATE (STATE_ID, NAME, ACRONYM, CODE, COUNTRY_ID) VALUES (1, 'Minas Gerais', 'MG', 'MG01', 1);
INSERT INTO DOM_CITY (CITY_ID, NAME, ACRONYM, CODE, STATE_ID) VALUES(1, 'Barbacena', 'BARB', 'BARB01', 1);
INSERT INTO DOM_CITY (CITY_ID, NAME, ACRONYM, CODE, STATE_ID) VALUES(2, 'Montes Claros', 'MTCS', 'MTCS01', 1);
INSERT INTO DOM_CITY (CITY_ID, NAME, ACRONYM, CODE, STATE_ID) VALUES(3, 'Vespasiano', 'VESP', 'VESP01', 1);
INSERT INTO DOM_STATE (STATE_ID, NAME, ACRONYM, CODE, COUNTRY_ID) VALUES (2, 'São Paulo', 'SP', 'SP01', 1);
INSERT INTO DOM_CITY (CITY_ID, NAME, ACRONYM, CODE, STATE_ID) VALUES(4, 'Embu das Artes', 'EBAR', 'EBAR01', 2);
INSERT INTO DOM_CITY (CITY_ID, NAME, ACRONYM, CODE, STATE_ID) VALUES(5, 'Águas de Lindóia', 'AGLD', 'AGLD01', 2);
INSERT INTO DOM_CITY (CITY_ID, NAME, ACRONYM, CODE, STATE_ID) VALUES(6, 'Botucatu', 'BOTU', 'BOTU01', 2);
INSERT INTO DOM_STATE (STATE_ID, NAME, ACRONYM, CODE, COUNTRY_ID) VALUES (3, 'Rio de Janeiro', 'RJ', 'RJ01', 1);
INSERT INTO DOM_CITY (CITY_ID, NAME, ACRONYM, CODE, STATE_ID) VALUES(7, 'BELFORD ROXO', 'BEXO', 'BEXO01', 3);
INSERT INTO DOM_CITY (CITY_ID, NAME, ACRONYM, CODE, STATE_ID) VALUES(8, 'PETRÓPOLIS', 'PELIS', 'PELIS01', 3);
INSERT INTO DOM_CITY (CITY_ID, NAME, ACRONYM, CODE, STATE_ID) VALUES(9, 'TERESÓPOLIS', 'TELIS', 'TELIS01', 3);

INSERT INTO DOM_COUNTRY (COUNTRY_ID, NAME, ACRONYM, CODE) VALUES(2, 'Estados Unidos', 'EUA', 'EUA01');
INSERT INTO DOM_STATE (STATE_ID, NAME, ACRONYM, CODE, COUNTRY_ID) VALUES (4, 'Texas', 'TX', 'TX01', 2);
INSERT INTO DOM_CITY (CITY_ID, NAME, ACRONYM, CODE, STATE_ID) VALUES(10, 'Austin', 'AUIN', 'AUIN01', 4);
INSERT INTO DOM_CITY (CITY_ID, NAME, ACRONYM, CODE, STATE_ID) VALUES(11, 'Texas City', 'TXCT', 'TXCT01', 4);
INSERT INTO DOM_CITY (CITY_ID, NAME, ACRONYM, CODE, STATE_ID) VALUES(12, 'Brownsville', 'BROW', 'BROW01', 4);
INSERT INTO DOM_STATE (STATE_ID, NAME, ACRONYM, CODE, COUNTRY_ID) VALUES (5, 'Ohio', 'OH', 'OH01', 2);
INSERT INTO DOM_CITY (CITY_ID, NAME, ACRONYM, CODE, STATE_ID) VALUES(13, 'Cincinnati', 'CITI', 'CITI01', 5);
INSERT INTO DOM_CITY (CITY_ID, NAME, ACRONYM, CODE, STATE_ID) VALUES(14, 'Toledo', 'TOLE', 'TOLE01', 5);
INSERT INTO DOM_CITY (CITY_ID, NAME, ACRONYM, CODE, STATE_ID) VALUES(15, 'Chillicothe', 'CHITH', 'CHITH01', 5);
INSERT INTO DOM_STATE (STATE_ID, NAME, ACRONYM, CODE, COUNTRY_ID) VALUES (6, 'Oklahoma', 'OK', 'OK01', 2);
INSERT INTO DOM_CITY (CITY_ID, NAME, ACRONYM, CODE, STATE_ID) VALUES(16, 'Tulsa', 'TUL', 'TUL01', 6);
INSERT INTO DOM_CITY (CITY_ID, NAME, ACRONYM, CODE, STATE_ID) VALUES(17, 'Broken Arrow', 'BRAW', 'BRAW01', 6);
INSERT INTO DOM_CITY (CITY_ID, NAME, ACRONYM, CODE, STATE_ID) VALUES(18, 'Yukon', 'YUKN', 'YUKN01', 6);

