INSERT INTO DOM_COUNTRY (COUNTRY_ID, NAME, ACRONYM, CODE) VALUES('2596e281-4dc1-40bf-afb5-08b245de54a6', 'Brasil', 'BRS', 'BR01');
INSERT INTO DOM_STATE (STATE_ID, NAME, ACRONYM, CODE, COUNTRY_ID) VALUES ('938b4593-6eb5-4a3c-a504-eacaca04d893', 'Minas Gerais', 'MG', 'MG01', '2596e281-4dc1-40bf-afb5-08b245de54a6');
INSERT INTO DOM_CITY (CITY_ID, NAME, ACRONYM, CODE, STATE_ID) VALUES('b96fd571-e370-4d6a-a59b-cba58f93e980', 'Barbacena', 'BARB', 'BARB01', '938b4593-6eb5-4a3c-a504-eacaca04d893');
INSERT INTO DOM_CITY (CITY_ID, NAME, ACRONYM, CODE, STATE_ID) VALUES('4d2925fe-f58c-4821-accf-bd67b3b7a58d', 'Montes Claros', 'MTCS', 'MTCS01', '938b4593-6eb5-4a3c-a504-eacaca04d893');
INSERT INTO DOM_CITY (CITY_ID, NAME, ACRONYM, CODE, STATE_ID) VALUES('9f6507c5-f31f-4512-ac71-7ed708eeea42', 'Vespasiano', 'VESP', 'VESP01', '938b4593-6eb5-4a3c-a504-eacaca04d893');
INSERT INTO DOM_STATE (STATE_ID, NAME, ACRONYM, CODE, COUNTRY_ID) VALUES ('65af072d-dcbe-47be-b7a8-c54a57ab43dd', 'São Paulo', 'SP', 'SP01', '2596e281-4dc1-40bf-afb5-08b245de54a6');
INSERT INTO DOM_CITY (CITY_ID, NAME, ACRONYM, CODE, STATE_ID) VALUES('bea4a208-cd61-424c-b5e9-d5a93d9f39bd', 'Embu das Artes', 'EBAR', 'EBAR01', '65af072d-dcbe-47be-b7a8-c54a57ab43dd');
INSERT INTO DOM_CITY (CITY_ID, NAME, ACRONYM, CODE, STATE_ID) VALUES('c15b8719-a711-4687-8af0-dbf56625c17d', 'Águas de Lindóia', 'AGLD', 'AGLD01', '65af072d-dcbe-47be-b7a8-c54a57ab43dd');
INSERT INTO DOM_CITY (CITY_ID, NAME, ACRONYM, CODE, STATE_ID) VALUES('b04962ba-fbd7-4974-b921-df21c4cd507b', 'Botucatu', 'BOTU', 'BOTU01', '65af072d-dcbe-47be-b7a8-c54a57ab43dd');
INSERT INTO DOM_STATE (STATE_ID, NAME, ACRONYM, CODE, COUNTRY_ID) VALUES ('f7485292-7c4d-48c8-b46e-00efda156c45', 'Rio de Janeiro', 'RJ', 'RJ01', '2596e281-4dc1-40bf-afb5-08b245de54a6');
INSERT INTO DOM_CITY (CITY_ID, NAME, ACRONYM, CODE, STATE_ID) VALUES('97832307-11ed-4da8-8812-adb4c322f697', 'BELFORD ROXO', 'BEXO', 'BEXO01', 'f7485292-7c4d-48c8-b46e-00efda156c45');
INSERT INTO DOM_CITY (CITY_ID, NAME, ACRONYM, CODE, STATE_ID) VALUES('f30fe5bf-e14e-44d3-b4bb-be80eaa1fc59', 'PETRÓPOLIS', 'PELIS', 'PELIS01', 'f7485292-7c4d-48c8-b46e-00efda156c45');
INSERT INTO DOM_CITY (CITY_ID, NAME, ACRONYM, CODE, STATE_ID) VALUES('9fbf986e-3abe-4c87-aadf-65280fbcc48d', 'TERESÓPOLIS', 'TELIS', 'TELIS01', 'f7485292-7c4d-48c8-b46e-00efda156c45');

INSERT INTO DOM_COUNTRY (COUNTRY_ID, NAME, ACRONYM, CODE) VALUES('f79fe4a0-707f-4c51-a052-efac3e6b5d2e', 'Estados Unidos', 'EUA', 'EUA01');
INSERT INTO DOM_STATE (STATE_ID, NAME, ACRONYM, CODE, COUNTRY_ID) VALUES ('bf495081-7eca-4dab-9083-64a49d4273be', 'Texas', 'TX', 'TX01', 'f79fe4a0-707f-4c51-a052-efac3e6b5d2e');
INSERT INTO DOM_CITY (CITY_ID, NAME, ACRONYM, CODE, STATE_ID) VALUES('c7a9a1e4-9d6e-46fc-8e58-758ac901e3b9', 'Austin', 'AUIN', 'AUIN01', 'bf495081-7eca-4dab-9083-64a49d4273be');
INSERT INTO DOM_CITY (CITY_ID, NAME, ACRONYM, CODE, STATE_ID) VALUES('5e2beefd-ecec-454c-a8bd-dbdc4c85b923', 'Texas City', 'TXCT', 'TXCT01', 'bf495081-7eca-4dab-9083-64a49d4273be');
INSERT INTO DOM_CITY (CITY_ID, NAME, ACRONYM, CODE, STATE_ID) VALUES('c4a8d3c5-d15c-46d5-b48a-47a5de651965', 'Brownsville', 'BROW', 'BROW01', 'bf495081-7eca-4dab-9083-64a49d4273be');
INSERT INTO DOM_STATE (STATE_ID, NAME, ACRONYM, CODE, COUNTRY_ID) VALUES ('cd229a54-2b2e-4955-9138-8b7854398d5a', 'Ohio', 'OH', 'OH01', 'f79fe4a0-707f-4c51-a052-efac3e6b5d2e');
INSERT INTO DOM_CITY (CITY_ID, NAME, ACRONYM, CODE, STATE_ID) VALUES('72f47d56-b89a-40b7-b6c0-d37134ec8da1', 'Cincinnati', 'CITI', 'CITI01', 'cd229a54-2b2e-4955-9138-8b7854398d5a');
INSERT INTO DOM_CITY (CITY_ID, NAME, ACRONYM, CODE, STATE_ID) VALUES('2e94e812-7a1f-445a-a8a7-3aeecdef67ef', 'Toledo', 'TOLE', 'TOLE01', 'cd229a54-2b2e-4955-9138-8b7854398d5a');
INSERT INTO DOM_CITY (CITY_ID, NAME, ACRONYM, CODE, STATE_ID) VALUES('469938e2-7226-4ada-85c4-cce29068fa40', 'Chillicothe', 'CHITH', 'CHITH01', 'cd229a54-2b2e-4955-9138-8b7854398d5a');
INSERT INTO DOM_STATE (STATE_ID, NAME, ACRONYM, CODE, COUNTRY_ID) VALUES ('5379de3a-15e8-41c1-a09d-09324f0fec47', 'Oklahoma', 'OK', 'OK01', 'f79fe4a0-707f-4c51-a052-efac3e6b5d2e');
INSERT INTO DOM_CITY (CITY_ID, NAME, ACRONYM, CODE, STATE_ID) VALUES('b7066ed0-bbb8-4b16-a224-fc6ce74a3eae', 'Tulsa', 'TUL', 'TUL01', '5379de3a-15e8-41c1-a09d-09324f0fec47');
INSERT INTO DOM_CITY (CITY_ID, NAME, ACRONYM, CODE, STATE_ID) VALUES('c3a47d8a-2895-49d4-b162-e14f81d6da30', 'Broken Arrow', 'BRAW', 'BRAW01', '5379de3a-15e8-41c1-a09d-09324f0fec47');
INSERT INTO DOM_CITY (CITY_ID, NAME, ACRONYM, CODE, STATE_ID) VALUES('003b2f48-c279-42a3-b707-4772f41e45d6', 'Yukon', 'YUKN', 'YUKN01', '5379de3a-15e8-41c1-a09d-09324f0fec47');

